,stop_family,stop_friends,stop_pass,stop_bt,stop_tix124,stop_tix240,stop_ins,stop_work,stop_app,stop_block,stop_crash,stop_kill,stop_none
0,51.60031225604996,45.433255269320846,50.871714806141036,54.644808743169406,51.44418423106948,56.12802498048399,53.23965651834504,28.155087171480613,39.60447567004944,36.768149882903984,59.53682019255789,60.421545667447305,5.802758261774655
